"STATION","NAME","DATE","AWND","PGTM","PRCP","SNOW","SNWD","TAVG","TMAX","TMIN","WDF2","WDF5","WSF2","WSF5","WT01","WT02","WT03","WT04","WT05","WT06","WT08","WT09"
"USW00013904","AUSTIN BERGSTROM INTERNATIONAL AIRPORT, TX US","2020-01-01","4.92",,"0.00","0.0","0.0","54","58","50","  140","  130","19.9","25.1","    1",,,,,,,
"USW00013904","AUSTIN BERGSTROM INTERNATIONAL AIRPORT, TX US","2020-01-02","4.92",,"0.02","0.0","0.0","55","61","41","  200","  120","13.0","16.1","    1","    1",,,,,,
"USW00013904","AUSTIN BERGSTROM INTERNATIONAL AIRPORT, TX US","2020-01-03","6.71",,"0.00","0.0","0.0","53","66","39","  310","  320","21.0","29.1",,,,,,,,
"USW00013904","AUSTIN BERGSTROM INTERNATIONAL AIRPORT, TX US","2020-01-04","3.58",,"0.00","0.0","0.0","54","73","33","  360","  360","12.1","15.0",,,,,,,,
"USW00013904","AUSTIN BERGSTROM INTERNATIONAL AIRPORT, TX US","2020-01-05","8.05",,"0.00","0.0","0.0","55","75","35","  200","  190","21.9","25.9",,,,,,,,
"USW00013904","AUSTIN BERGSTROM INTERNATIONAL AIRPORT, TX US","2020-01-06","6.49",,"0.00","0.0","0.0","54","76","34","  360","  360","21.9","25.9",,,,,,,,
"USW00013904","AUSTIN BERGSTROM INTERNATIONAL AIRPORT, TX US","2020-01-07","3.58",,"0.00","0.0","0.0","54","69","29","  360","  350","16.1","19.0",,,,,,,,
"USW00013904","AUSTIN BERGSTROM INTERNATIONAL AIRPORT, TX US","2020-01-08","8.50",,"0.00","0.0","0.0","44","71","24","  140","  170","23.0","30.0",,,,,,,,
"USW00013904","AUSTIN BERGSTROM INTERNATIONAL AIRPORT, TX US","2020-01-09","14.76",,"0.00","0.0","0.0","67","78","62","  190","  200","25.1","33.1","    1",,,,,,,
"USW00013904","AUSTIN BERGSTROM INTERNATIONAL AIRPORT, TX US","2020-01-10","15.21",,"0.43","0.0","0.0","72","79","57","  160","  160","31.1","38.0","    1",,"    1",,,,,
"USW00013904","AUSTIN BERGSTROM INTERNATIONAL AIRPORT, TX US","2020-01-11","9.17",,"0.02","0.0","0.0","57","59","34","  320","  330","21.9","32.0",,,,,,,,
"USW00013904","AUSTIN BERGSTROM INTERNATIONAL AIRPORT, TX US","2020-01-12","3.36",,"0.00","0.0","0.0","43","63","28","  200","  200","15.0","19.9","    1",,,,,,,
"USW00013904","AUSTIN BERGSTROM INTERNATIONAL AIRPORT, TX US","2020-01-13","2.46",,"0.08","0.0","0.0","53","61","46","  130","  120","6.9","8.1","    1","    1",,,,,,
"USW00013904","AUSTIN BERGSTROM INTERNATIONAL AIRPORT, TX US","2020-01-14","3.13",,"0.00","0.0","0.0","63","76","60","  170","  170","13.0","16.1","    1","    1",,,,,,
"USW00013904","AUSTIN BERGSTROM INTERNATIONAL AIRPORT, TX US","2020-01-15","8.50",,"0.01","0.0","0.0","72","82","66","  190","  210","19.9","25.1","    1",,,,,,,
"USW00013904","AUSTIN BERGSTROM INTERNATIONAL AIRPORT, TX US","2020-01-16","8.28",,"0.35","0.0","0.0","66","70","57","   20","   20","19.9","23.0","    1",,,,,,,
"USW00013904","AUSTIN BERGSTROM INTERNATIONAL AIRPORT, TX US","2020-01-17","3.80",,"0.11","0.0","0.0","56","61","52","  340","  320","10.1","13.0","    1","    1",,,,,,
"USW00013904","AUSTIN BERGSTROM INTERNATIONAL AIRPORT, TX US","2020-01-18","10.96",,"0.00","0.0","0.0","63","70","48","  360","  350","25.1","31.1","    1",,,,,,,
"USW00013904","AUSTIN BERGSTROM INTERNATIONAL AIRPORT, TX US","2020-01-19","14.32",,"0.00","0.0","0.0","50","58","36","   30","   30","23.0","30.0",,,,,,,,
"USW00013904","AUSTIN BERGSTROM INTERNATIONAL AIRPORT, TX US","2020-01-20","1.79",,"0.00","0.0","0.0","45","62","30","   80","  100","8.9","12.1",,,,,,,,
"USW00013904","AUSTIN BERGSTROM INTERNATIONAL AIRPORT, TX US","2020-01-21","7.61",,"0.00","0.0","0.0","48","62","37","  150","  150","23.0","27.1",,,,,,,,
"USW00013904","AUSTIN BERGSTROM INTERNATIONAL AIRPORT, TX US","2020-01-22","5.59",,"0.91","0.0","0.0","53","59","48","  140","  140","15.0","19.0","    1",,,,,,,
"USW00013904","AUSTIN BERGSTROM INTERNATIONAL AIRPORT, TX US","2020-01-23","7.16",,"0.00","0.0","0.0","57","67","41","  360","   10","19.9","25.1","    1","    1",,,,,,
"USW00013904","AUSTIN BERGSTROM INTERNATIONAL AIRPORT, TX US","2020-01-24","3.13",,"0.00","0.0","0.0","50","67","35","   20","   30","10.1","12.1",,,,,,,,
"USW00013904","AUSTIN BERGSTROM INTERNATIONAL AIRPORT, TX US","2020-01-25","5.82",,"0.04","0.0","0.0","50","67","34","  180","  170","23.0","29.1","    1",,,,,,,
"USW00013904","AUSTIN BERGSTROM INTERNATIONAL AIRPORT, TX US","2020-01-26","4.25",,"0.00","0.0","0.0","62","77","46","   20","  330","12.1","16.1","    1",,,,,,,
"USW00013904","AUSTIN BERGSTROM INTERNATIONAL AIRPORT, TX US","2020-01-27","5.82",,"0.00","0.0","0.0","54","70","38","  150","  150","15.0","19.9","    1","    1",,,,,,
"USW00013904","AUSTIN BERGSTROM INTERNATIONAL AIRPORT, TX US","2020-01-28","10.51",,"0.24","0.0","0.0","60","74","50","  310","  300","23.0","32.0","    1",,"    1",,,,,
"USW00013904","AUSTIN BERGSTROM INTERNATIONAL AIRPORT, TX US","2020-01-29","10.96",,"0.00","0.0","0.0","53","62","42","  360","  330","19.9","27.1",,,,,,,,
"USW00013904","AUSTIN BERGSTROM INTERNATIONAL AIRPORT, TX US","2020-01-30","8.95",,"0.00","0.0","0.0","47","50","43","   20","   20","16.1","19.0","    1",,,,,,,
"USW00013904","AUSTIN BERGSTROM INTERNATIONAL AIRPORT, TX US","2020-01-31","5.14",,"0.00","0.0","0.0","51","62","39","  360","  290","13.0","18.1",,,,,,,,
"USW00013904","AUSTIN BERGSTROM INTERNATIONAL AIRPORT, TX US","2020-02-01","4.92",,"0.00","0.0","0.0","51","75","31","  290","  260","15.0","23.9",,,,,,,,
"USW00013904","AUSTIN BERGSTROM INTERNATIONAL AIRPORT, TX US","2020-02-02","7.16",,"0.00","0.0","0.0","53","77","31","  190","  190","21.0","29.1",,,,,,,,
"USW00013904","AUSTIN BERGSTROM INTERNATIONAL AIRPORT, TX US","2020-02-03","12.08",,"0.00","0.0","0.0","62","73","54","  190","  170","25.1","35.1",,,,,,,,
"USW00013904","AUSTIN BERGSTROM INTERNATIONAL AIRPORT, TX US","2020-02-04","12.30",,"0.00","0.0","0.0","69","79","47","  360","   10","25.1","30.0",,,,,,,,
"USW00013904","AUSTIN BERGSTROM INTERNATIONAL AIRPORT, TX US","2020-02-05","17.00",,"0.02","0.0","0.0","45","47","34","  350","  360","25.1","34.0","    1",,,"    1",,,,
"USW00013904","AUSTIN BERGSTROM INTERNATIONAL AIRPORT, TX US","2020-02-06","7.16",,"0.00","0.0","0.0","40","55","32","  320","  310","21.0","29.1",,,,"    1",,,,
"USW00013904","AUSTIN BERGSTROM INTERNATIONAL AIRPORT, TX US","2020-02-07","6.49",,"0.00","0.0","0.0","48","76","28","  230","  220","21.0","32.0",,,,,,,,
"USW00013904","AUSTIN BERGSTROM INTERNATIONAL AIRPORT, TX US","2020-02-08","7.38",,"0.00","0.0","0.0","52","70","34","  180","  170","18.1","27.1",,,,,,,,
"USW00013904","AUSTIN BERGSTROM INTERNATIONAL AIRPORT, TX US","2020-02-09","11.41",,"0.03","0.0","0.0","66","74","61","  180","  170","21.0","30.0","    1",,,,,,,
"USW00013904","AUSTIN BERGSTROM INTERNATIONAL AIRPORT, TX US","2020-02-10","10.74",,"0.22","0.0","0.0","64","72","48","   20","   10","23.0","29.1","    1",,,,,,,
"USW00013904","AUSTIN BERGSTROM INTERNATIONAL AIRPORT, TX US","2020-02-11","14.09",,"0.35","0.0","0.0","47","48","44","  360","   10","21.9","28.0","    1",,,,,,,
"USW00013904","AUSTIN BERGSTROM INTERNATIONAL AIRPORT, TX US","2020-02-12","6.71",,"0.67","0.0","0.0","48","58","37","   60","  290","18.1","25.1","    1",,"    1",,,,,
"USW00013904","AUSTIN BERGSTROM INTERNATIONAL AIRPORT, TX US","2020-02-13","12.08",,"0.00","0.0","0.0","46","54","35","   20","   10","23.0","29.1",,,,,,,,
"USW00013904","AUSTIN BERGSTROM INTERNATIONAL AIRPORT, TX US","2020-02-14","5.37",,"0.00","0.0","0.0","43","59","29","   20","   80","15.0","23.9",,,,,,,,
"USW00013904","AUSTIN BERGSTROM INTERNATIONAL AIRPORT, TX US","2020-02-15","4.25",,"0.00","0.0","0.0","46","65","31","  200","  200","16.1","21.9",,,,,,,,
"USW00013904","AUSTIN BERGSTROM INTERNATIONAL AIRPORT, TX US","2020-02-16","4.25",,"0.00","0.0","0.0","60","77","43","  180","  170","16.1","19.9",,,,,,,,
"USW00013904","AUSTIN BERGSTROM INTERNATIONAL AIRPORT, TX US","2020-02-17","9.62",,"0.01","0.0","0.0","66","80","49","  200","  200","19.9","28.0","    1",,,,,,,
"USW00013904","AUSTIN BERGSTROM INTERNATIONAL AIRPORT, TX US","2020-02-18","10.74",,"0.05","0.0","0.0","68","73","50","   10","  360","23.9","33.1","    1",,,,,,,
"USW00013904","AUSTIN BERGSTROM INTERNATIONAL AIRPORT, TX US","2020-02-19","13.20",,"0.05","0.0","0.0","50","51","47","   10","   10","21.0","27.1","    1",,,,,,,
"USW00013904","AUSTIN BERGSTROM INTERNATIONAL AIRPORT, TX US","2020-02-20","16.33",,"0.33","0.0","0.0","47","51","42","   10","   10","29.1","38.0","    1",,,,,,,
"USW00013904","AUSTIN BERGSTROM INTERNATIONAL AIRPORT, TX US","2020-02-21","9.84",,"0.00","0.0","0.0","45","54","36","  360","  360","18.1","23.9",,,,,,,,
"USW00013904","AUSTIN BERGSTROM INTERNATIONAL AIRPORT, TX US","2020-02-22","6.71",,"0.00","0.0","0.0","49","63","38","  150","  160","16.1","23.0",,,,,,,,
"USW00013904","AUSTIN BERGSTROM INTERNATIONAL AIRPORT, TX US","2020-02-23","8.50",,"0.00","0.0","0.0","59","70","54","  170","  170","21.9","30.0",,,,,,,,
"USW00013904","AUSTIN BERGSTROM INTERNATIONAL AIRPORT, TX US","2020-02-24","6.49",,"0.00","0.0","0.0","66","70","44","  310","  310","17.0","25.1",,,"    1",,,,,
"USW00013904","AUSTIN BERGSTROM INTERNATIONAL AIRPORT, TX US","2020-02-25","12.53",,"0.00","0.0","0.0","54","68","39","  350","  320","25.1","36.0",,,,,,,,
"USW00013904","AUSTIN BERGSTROM INTERNATIONAL AIRPORT, TX US","2020-02-26","15.21",,"0.00","0.0","0.0","51","55","29","  340","  350","30.0","42.1",,,,,,,,
"USW00013904","AUSTIN BERGSTROM INTERNATIONAL AIRPORT, TX US","2020-02-27","4.47",,"0.00","0.0","0.0","43","63","24","  190","  240","15.0","21.0",,,,,,,,
"USW00013904","AUSTIN BERGSTROM INTERNATIONAL AIRPORT, TX US","2020-02-28","3.36",,"0.00","0.0","0.0","50","74","31","  220","  220","12.1","17.0",,,,,,,,
"USW00013904","AUSTIN BERGSTROM INTERNATIONAL AIRPORT, TX US","2020-02-29","10.29",,"0.00","0.0","0.0","54","75","35","  170","  160","23.9","35.1",,,,,,,,
"USW00013904","AUSTIN BERGSTROM INTERNATIONAL AIRPORT, TX US","2020-03-01","10.51",,"0.00","0.0","0.0","64","77","54","  200","  200","23.0","31.1",,,,,,,,
"USW00013904","AUSTIN BERGSTROM INTERNATIONAL AIRPORT, TX US","2020-03-02","6.93",,"0.00","0.0","0.0","69","78","63","  170","  180","17.0","23.0","    1",,,,,,,
"USW00013904","AUSTIN BERGSTROM INTERNATIONAL AIRPORT, TX US","2020-03-03","6.04",,"0.00","0.0","0.0","68","75","60","  110","   90","18.1","25.9","    1","    1",,,,,,
"USW00013904","AUSTIN BERGSTROM INTERNATIONAL AIRPORT, TX US","2020-03-04","12.08",,"0.85","0.0","0.0","67","68","54","   20","   30","29.1","38.0","    1",,"    1",,,,"    1",
"USW00013904","AUSTIN BERGSTROM INTERNATIONAL AIRPORT, TX US","2020-03-05","7.83",,"0.00","0.0","0.0","59","75","48","  360","  360","21.0","27.1",,,,,,,,
"USW00013904","AUSTIN BERGSTROM INTERNATIONAL AIRPORT, TX US","2020-03-06","9.17",,"0.00","0.0","0.0","58","70","42","   30","   40","21.0","33.1",,,,,,,,
"USW00013904","AUSTIN BERGSTROM INTERNATIONAL AIRPORT, TX US","2020-03-07","3.58",,"0.00","0.0","0.0","51","64","40","  150","  140","16.1","21.9",,,,,,,,
"USW00013904","AUSTIN BERGSTROM INTERNATIONAL AIRPORT, TX US","2020-03-08","10.07",,"0.00","0.0","0.0","56","76","40","  150","  150","23.9","33.1","    1",,,,,,,
"USW00013904","AUSTIN BERGSTROM INTERNATIONAL AIRPORT, TX US","2020-03-09","9.17",,"0.21","0.0","0.0","66","69","62","  180","  170","21.0","29.1","    1",,,,,,,
"USW00013904","AUSTIN BERGSTROM INTERNATIONAL AIRPORT, TX US","2020-03-10","5.14",,"0.00","0.0","0.0","67","81","57","  180","  210","14.1","19.9","    1","    1",,,,,,
"USW00013904","AUSTIN BERGSTROM INTERNATIONAL AIRPORT, TX US","2020-03-11","9.62",,"0.00","0.0","0.0","71","84","64","  190","  220","19.9","25.1","    1",,,,,,,
"USW00013904","AUSTIN BERGSTROM INTERNATIONAL AIRPORT, TX US","2020-03-12","11.41",,"0.00","0.0","0.0","74","86","67","  180","  170","21.9","28.0",,,,,,,,
"USW00013904","AUSTIN BERGSTROM INTERNATIONAL AIRPORT, TX US","2020-03-13","10.51",,"0.00","0.0","0.0","74","83","68","  150","  150","21.0","29.1",,,,,,,,
"USW00013904","AUSTIN BERGSTROM INTERNATIONAL AIRPORT, TX US","2020-03-14","8.50",,"0.00","0.0","0.0","76","84","70","  150","  150","21.9","31.1","    1",,,,,,,
"USW00013904","AUSTIN BERGSTROM INTERNATIONAL AIRPORT, TX US","2020-03-15","10.74",,"0.05","0.0","0.0","66","71","60","   20","   40","18.1","21.9","    1",,,,,,,
"USW00013904","AUSTIN BERGSTROM INTERNATIONAL AIRPORT, TX US","2020-03-16","5.82",,"0.00","0.0","0.0","65","75","60","  120","  120","19.9","23.0","    1",,,,,,,
"USW00013904","AUSTIN BERGSTROM INTERNATIONAL AIRPORT, TX US","2020-03-17","8.72",,"0.38","0.0","0.0","72","81","67","  170","  170","25.1","36.0","    1",,,,,,,
"USW00013904","AUSTIN BERGSTROM INTERNATIONAL AIRPORT, TX US","2020-03-18","11.63",,"0.00","0.0","0.0","74","83","70","  140","  150","21.0","30.0",,,,,,,,
"USW00013904","AUSTIN BERGSTROM INTERNATIONAL AIRPORT, TX US","2020-03-19","11.41",,"0.12","0.0","0.0","75","82","69","  140","  140","28.0","36.0","    1",,"    1",,,,,
"USW00013904","AUSTIN BERGSTROM INTERNATIONAL AIRPORT, TX US","2020-03-20","15.21",,"0.65","0.0","0.0","66","73","53","  350","  140","28.0","38.0","    1",,,,,,,
"USW00013904","AUSTIN BERGSTROM INTERNATIONAL AIRPORT, TX US","2020-03-21","11.18",,"0.97","0.0","0.0","52","55","49","   10","   80","21.0","29.1","    1",,"    1",,,,,
"USW00013904","AUSTIN BERGSTROM INTERNATIONAL AIRPORT, TX US","2020-03-22","2.24",,"0.02","0.0","0.0","58","68","54","   20","   30","10.1","14.1","    1","    1",,,,,,
"USW00013904","AUSTIN BERGSTROM INTERNATIONAL AIRPORT, TX US","2020-03-23","6.93",,"0.02","0.0","0.0","70","83","65","  150","  140","17.0","25.1","    1","    1",,,,,,
"USW00013904","AUSTIN BERGSTROM INTERNATIONAL AIRPORT, TX US","2020-03-24","5.14",,"0.00","0.0","0.0","76","92","53","  190","  170","15.0","21.9","    1",,,,,,,
"USW00013904","AUSTIN BERGSTROM INTERNATIONAL AIRPORT, TX US","2020-03-25","5.14",,"0.00","0.0","0.0","69","88","52","  190","  190","17.0","21.9","    1","    1",,,,,,
"USW00013904","AUSTIN BERGSTROM INTERNATIONAL AIRPORT, TX US","2020-03-26","9.40",,"0.00","0.0","0.0","75","87","67","  170","  150","19.9","27.1","    1",,,,,,,
"USW00013904","AUSTIN BERGSTROM INTERNATIONAL AIRPORT, TX US","2020-03-27","10.96",,"0.00","0.0","0.0","77","88","68","  190","  180","23.9","33.1",,,,,,,,
"USW00013904","AUSTIN BERGSTROM INTERNATIONAL AIRPORT, TX US","2020-03-28","6.71",,"0.10","0.0","0.0","75","79","47","  140","  150","21.9","30.0","    1",,,,,,,
"USW00013904","AUSTIN BERGSTROM INTERNATIONAL AIRPORT, TX US","2020-03-29","6.26",,"0.00","0.0","0.0","62","79","46","   80","   80","16.1","21.9",,,,,,,,
"USW00013904","AUSTIN BERGSTROM INTERNATIONAL AIRPORT, TX US","2020-03-30","3.13",,"0.32","0.0","0.0","67","72","63","  130","  130","12.1","16.1","    1","    1",,,,,,
"USW00013904","AUSTIN BERGSTROM INTERNATIONAL AIRPORT, TX US","2020-03-31","8.28",,"0.00","0.0","0.0","66","73","51","  350","  350","25.9","35.1","    1","    1",,,,,,
"USW00013904","AUSTIN BERGSTROM INTERNATIONAL AIRPORT, TX US","2020-04-01","6.93",,"0.00","0.0","0.0","61","77","46","  150","  170","15.0","21.0","    1",,,,,,,
"USW00013904","AUSTIN BERGSTROM INTERNATIONAL AIRPORT, TX US","2020-04-02","6.04",,"0.37","0.0","0.0","66","72","60","  140","  120","16.1","21.9","    1",,,,,,,
"USW00013904","AUSTIN BERGSTROM INTERNATIONAL AIRPORT, TX US","2020-04-03","9.17",,"2.20","0.0","0.0","68","74","47","  340","  340","25.9","31.1","    1",,"    1",,,,,
"USW00013904","AUSTIN BERGSTROM INTERNATIONAL AIRPORT, TX US","2020-04-04","10.74",,"0.53","0.0","0.0","48","53","46","  360","  350","21.0","27.1","    1",,"    1",,,,,
"USW00013904","AUSTIN BERGSTROM INTERNATIONAL AIRPORT, TX US","2020-04-05","5.82",,"0.00","0.0","0.0","56","67","51","   20","   50","15.0","19.0","    1",,,,,,,
"USW00013904","AUSTIN BERGSTROM INTERNATIONAL AIRPORT, TX US","2020-04-06","3.58",,"0.00","0.0","0.0","67","80","59","  140","  160","12.1","16.1","    1",,,,,,,
"USW00013904","AUSTIN BERGSTROM INTERNATIONAL AIRPORT, TX US","2020-04-07","7.16",,"0.00","0.0","0.0","75","86","69","  200","  180","17.0","25.9","    1","    1",,,,,,
"USW00013904","AUSTIN BERGSTROM INTERNATIONAL AIRPORT, TX US","2020-04-08","6.71",,"0.00","0.0","0.0","79","91","71","  140","  180","13.0","21.0","    1",,,,,,"    1",
"USW00013904","AUSTIN BERGSTROM INTERNATIONAL AIRPORT, TX US","2020-04-09","4.92",,"0.23","0.0","0.0","78","91","65","  340","  350","25.9","36.9","    1",,"    1",,,,,
"USW00013904","AUSTIN BERGSTROM INTERNATIONAL AIRPORT, TX US","2020-04-10","8.72",,"0.00","0.0","0.0","68","75","60","   30","   20","17.0","23.9","    1",,,,,,,
"USW00013904","AUSTIN BERGSTROM INTERNATIONAL AIRPORT, TX US","2020-04-11","7.61",,"0.01","0.0","0.0","67","78","56","  160","  170","17.0","25.1",,,,,,,,
"USW00013904","AUSTIN BERGSTROM INTERNATIONAL AIRPORT, TX US","2020-04-12","10.96",,"0.00","0.0","0.0","78","87","57","   10","  260","28.0","42.1","    1",,,,,,,
"USW00013904","AUSTIN BERGSTROM INTERNATIONAL AIRPORT, TX US","2020-04-13","15.43",,"0.00","0.0","0.0","58","63","44","  360","  360","25.1","33.1",,,,,,,,
"USW00013904","AUSTIN BERGSTROM INTERNATIONAL AIRPORT, TX US","2020-04-14","13.87",,"0.00","0.0","0.0","55","65","45","   30","   40","21.9","30.0",,,,,,,,
"USW00013904","AUSTIN BERGSTROM INTERNATIONAL AIRPORT, TX US","2020-04-15","6.49",,"0.00","0.0","0.0","55","69","41","  360","  350","17.0","23.9",,,,,,,,
"USW00013904","AUSTIN BERGSTROM INTERNATIONAL AIRPORT, TX US","2020-04-16","7.83",,"0.00","0.0","0.0","58","77","42","  180","  140","19.9","28.0",,,,,,,,
"USW00013904","AUSTIN BERGSTROM INTERNATIONAL AIRPORT, TX US","2020-04-17","6.26",,"0.05","0.0","0.0","66","73","56","  360","   20","19.9","25.9","    1",,,,,,,
"USW00013904","AUSTIN BERGSTROM INTERNATIONAL AIRPORT, TX US","2020-04-18","7.16",,"0.02","0.0","0.0","58","62","55","   10","   20","17.0","23.9","    1",,,,,,,
"USW00013904","AUSTIN BERGSTROM INTERNATIONAL AIRPORT, TX US","2020-04-19","5.37",,"0.04","0.0","0.0","68","94","57","  310","  320","21.9","33.1","    1","    1","    1",,,,,
"USW00013904","AUSTIN BERGSTROM INTERNATIONAL AIRPORT, TX US","2020-04-20","5.37",,"0.00","0.0","0.0","68","88","51","  130","  110","12.1","19.9","    1","    1",,,,,,
"USW00013904","AUSTIN BERGSTROM INTERNATIONAL AIRPORT, TX US","2020-04-21","8.95",,"0.00","0.0","0.0","74","86","64","  140","  150","21.9","27.1","    1",,,,,,,
"USW00013904","AUSTIN BERGSTROM INTERNATIONAL AIRPORT, TX US","2020-04-22","8.50",,"0.03","0.0","0.0","75","81","64","  170","  180","19.9","28.0","    1","    1",,,,,"    1",
"USW00013904","AUSTIN BERGSTROM INTERNATIONAL AIRPORT, TX US","2020-04-23","6.26",,"0.00","0.0","0.0","74","87","56","  360","   80","17.0","25.1","    1",,,,,,,
"USW00013904","AUSTIN BERGSTROM INTERNATIONAL AIRPORT, TX US","2020-04-24","9.62",,"0.00","0.0","0.0","73","97","50","  360","  190","25.1","36.0",,,,,,,,
"USW00013904","AUSTIN BERGSTROM INTERNATIONAL AIRPORT, TX US","2020-04-25","10.96",,"0.00","0.0","0.0","73","81","53","   10","   30","23.9","36.9",,,,,,,,
"USW00013904","AUSTIN BERGSTROM INTERNATIONAL AIRPORT, TX US","2020-04-26","5.37",,"0.00","0.0","0.0","67","86","47","  180","  120","14.1","21.9","    1",,,,,,,
"USW00013904","AUSTIN BERGSTROM INTERNATIONAL AIRPORT, TX US","2020-04-27","12.08",,"0.00","0.0","0.0","71","89","52","  180","  180","25.1","36.9","    1",,,,,,,
"USW00013904","AUSTIN BERGSTROM INTERNATIONAL AIRPORT, TX US","2020-04-28","12.30",,"0.00","0.0","0.0","80","92","74","  150","  150","29.1","42.1",,,,,,,,
"USW00013904","AUSTIN BERGSTROM INTERNATIONAL AIRPORT, TX US","2020-04-29","11.18",,"0.95","0.0","0.0","78","84","54","   30","   40","38.9","53.9","    1",,"    1",,,,,
"USW00013904","AUSTIN BERGSTROM INTERNATIONAL AIRPORT, TX US","2020-04-30","4.25",,"0.00","0.0","0.0","67","86","51","  120","  130","8.9","16.1",,,,,,,,
"USW00013904","AUSTIN BERGSTROM INTERNATIONAL AIRPORT, TX US","2020-05-01","9.62",,"0.00","0.0","0.0","70","88","51","  140","  150","19.9","27.1",,,,,,,,
"USW00013904","AUSTIN BERGSTROM INTERNATIONAL AIRPORT, TX US","2020-05-02","13.42",,"0.00","0.0","0.0","76","91","67","  140","  140","23.0","32.0",,,,,,,,
"USW00013904","AUSTIN BERGSTROM INTERNATIONAL AIRPORT, TX US","2020-05-03","11.86",,"0.00","0.0","0.0","80","93","69","  150","  190","19.9","27.1",,,,,,,,
"USW00013904","AUSTIN BERGSTROM INTERNATIONAL AIRPORT, TX US","2020-05-04","12.30",,"0.00","0.0","0.0","81","95","71","  170","  200","18.1","25.9",,,,,,,,
"USW00013904","AUSTIN BERGSTROM INTERNATIONAL AIRPORT, TX US","2020-05-05","10.96",,"0.00","0.0","0.0","78","86","72","   10","   10","30.0","38.0","    1",,,,,,,
"USW00013904","AUSTIN BERGSTROM INTERNATIONAL AIRPORT, TX US","2020-05-06","8.72",,"0.00","0.0","0.0","75","86","55","   20","   60","17.0","25.1",,,,,,,,
"USW00013904","AUSTIN BERGSTROM INTERNATIONAL AIRPORT, TX US","2020-05-07","11.63",,"0.00","0.0","0.0","68","83","51","  180","  180","23.0","35.1",,,,,,,,
"USW00013904","AUSTIN BERGSTROM INTERNATIONAL AIRPORT, TX US","2020-05-08","18.79",,"0.00","0.0","0.0","78","88","63","   10","  190","31.1","40.9",,,,,,,,
"USW00013904","AUSTIN BERGSTROM INTERNATIONAL AIRPORT, TX US","2020-05-09","8.50",,"0.00","0.0","0.0","68","77","54","   80","   30","16.1","21.9",,,,,,,,
"USW00013904","AUSTIN BERGSTROM INTERNATIONAL AIRPORT, TX US","2020-05-10","4.25",,"0.00","0.0","0.0","66","81","50","   80","   60","14.1","21.0",,,,,,,,
"USW00013904","AUSTIN BERGSTROM INTERNATIONAL AIRPORT, TX US","2020-05-11","8.50",,"0.00","0.0","0.0","68","85","53","  160","  160","19.9","29.1",,,,,,,,
"USW00013904","AUSTIN BERGSTROM INTERNATIONAL AIRPORT, TX US","2020-05-12","6.26",,"2.73","0.0","0.0","72","74","65","  160","  320","16.1","23.0","    1",,"    1",,,,,
"USW00013904","AUSTIN BERGSTROM INTERNATIONAL AIRPORT, TX US","2020-05-13","8.28",,"0.01","0.0","0.0","72","88","61","  170","  170","17.0","23.9","    1","    1",,,,,,
"USW00013904","AUSTIN BERGSTROM INTERNATIONAL AIRPORT, TX US","2020-05-14","9.62",,"0.00","0.0","0.0","79","91","71","  150","  140","19.9","25.1","    1",,,,,,,
"USW00013904","AUSTIN BERGSTROM INTERNATIONAL AIRPORT, TX US","2020-05-15","10.07",,"1.06","0.0","0.0","81","92","66","  310","  300","32.0","52.1","    1",,"    1",,,,,
"USW00013904","AUSTIN BERGSTROM INTERNATIONAL AIRPORT, TX US","2020-05-16","8.95",,"0.71","0.0","0.0","73","83","63","   30","  330","19.9","28.0","    1",,"    1",,,,,
"USW00013904","AUSTIN BERGSTROM INTERNATIONAL AIRPORT, TX US","2020-05-17","4.25",,"0.00","0.0","0.0","75","91","64","   10","  330","13.0","16.1",,,,,,,,
"USW00013904","AUSTIN BERGSTROM INTERNATIONAL AIRPORT, TX US","2020-05-18","4.92",,"0.00","0.0","0.0","77","94","62","  220","  220","16.1","21.9","    1",,,,,,,
"USW00013904","AUSTIN BERGSTROM INTERNATIONAL AIRPORT, TX US","2020-05-19","7.38",,"0.00","0.0","0.0","80","95","65","  150","  150","16.1","23.0",,,,,,,,
"USW00013904","AUSTIN BERGSTROM INTERNATIONAL AIRPORT, TX US","2020-05-20","10.29",,"0.00","0.0","0.0","83","94","75","  180","  150","17.0","25.9","    1",,,,,,,
"USW00013904","AUSTIN BERGSTROM INTERNATIONAL AIRPORT, TX US","2020-05-21","9.84",,"0.00","0.0","0.0","81","92","71","  140","  150","21.0","28.0",,,,,,,,
"USW00013904","AUSTIN BERGSTROM INTERNATIONAL AIRPORT, TX US","2020-05-22","12.75",,"0.00","0.0","0.0","84","94","76","  140","  130","21.0","28.0",,,,,,,,
"USW00013904","AUSTIN BERGSTROM INTERNATIONAL AIRPORT, TX US","2020-05-23","11.41",,"0.01","0.0","0.0","84","93","74","  140","  140","21.9","29.1",,,,,,,,
"USW00013904","AUSTIN BERGSTROM INTERNATIONAL AIRPORT, TX US","2020-05-24","9.84",,"2.77","0.0","0.0","82","93","67","   60","   60","25.9","32.0","    1",,"    1",,,,,
"USW00013904","AUSTIN BERGSTROM INTERNATIONAL AIRPORT, TX US","2020-05-25","6.93",,"1.00","0.0","0.0","71","78","67","   60","   50","23.0","30.0","    1",,"    1",,,,,
"USW00013904","AUSTIN BERGSTROM INTERNATIONAL AIRPORT, TX US","2020-05-26","6.04",,"0.00","0.0","0.0","74","86","63","  310","  310","16.1","25.1",,,,,,,,
"USW00013904","AUSTIN BERGSTROM INTERNATIONAL AIRPORT, TX US","2020-05-27","7.61",,"0.61","0.0","0.0","74","93","60","   70","   70","30.0","40.9","    1",,"    1",,"    1",,,
"USW00013904","AUSTIN BERGSTROM INTERNATIONAL AIRPORT, TX US","2020-05-28","3.80",,"0.00","0.0","0.0","73","88","62","   10","  360","17.0","21.0",,,,,,,,
"USW00013904","AUSTIN BERGSTROM INTERNATIONAL AIRPORT, TX US","2020-05-29","8.05",,"0.00","0.0","0.0","77","88","67","   10","   20","21.0","27.1",,,,,,,,
"USW00013904","AUSTIN BERGSTROM INTERNATIONAL AIRPORT, TX US","2020-05-30","4.47",,"0.00","0.0","0.0","75","87","62","   30","   70","16.1","27.1",,,,,,,,
"USW00013904","AUSTIN BERGSTROM INTERNATIONAL AIRPORT, TX US","2020-05-31","6.49",,"0.04","0.0","0.0","78","84","70","  150","  150","17.0","23.9",,,"    1",,,,,
"USW00013904","AUSTIN BERGSTROM INTERNATIONAL AIRPORT, TX US","2020-06-01","4.92",,"0.00","0.0","0.0","76","85","68","  140","  120","14.1","21.0","    1",,,,,,,
"USW00013904","AUSTIN BERGSTROM INTERNATIONAL AIRPORT, TX US","2020-06-02","4.25",,"0.00","0.0","0.0","78","90","68","  140","  140","15.0","19.0","    1",,,,,,,
"USW00013904","AUSTIN BERGSTROM INTERNATIONAL AIRPORT, TX US","2020-06-03","6.26",,"0.00","0.0","0.0","80","92","71","  140","  150","21.0","25.9","    1",,,,,,,
"USW00013904","AUSTIN BERGSTROM INTERNATIONAL AIRPORT, TX US","2020-06-04","6.93",,"0.00","0.0","0.0","82","92","74","  150","  150","15.0","18.1",,,,,,,,
"USW00013904","AUSTIN BERGSTROM INTERNATIONAL AIRPORT, TX US","2020-06-05","6.26",,"0.00","0.0","0.0","83","93","75","  150","  120","14.1","18.1",,,,,,,,
"USW00013904","AUSTIN BERGSTROM INTERNATIONAL AIRPORT, TX US","2020-06-06","3.36",,"0.00","0.0","0.0","83","95","71","   80","   70","14.1","19.9","    1",,,,,,,
"USW00013904","AUSTIN BERGSTROM INTERNATIONAL AIRPORT, TX US","2020-06-07","4.25",,"0.00","0.0","0.0","84","95","73","   40","   30","13.0","19.9",,,,,,,,
"USW00013904","AUSTIN BERGSTROM INTERNATIONAL AIRPORT, TX US","2020-06-08","6.04",,"0.00","0.0","0.0","85","98","72","  180","  190","15.0","21.9",,,,,,,,
"USW00013904","AUSTIN BERGSTROM INTERNATIONAL AIRPORT, TX US","2020-06-09","9.40",,"0.00","0.0","0.0","86","98","76","  180","  190","18.1","25.1",,,,,,,,
"USW00013904","AUSTIN BERGSTROM INTERNATIONAL AIRPORT, TX US","2020-06-10","9.62",,"0.00","0.0","0.0","82","92","62","   30","   30","21.0","25.9",,,,,,,,
"USW00013904","AUSTIN BERGSTROM INTERNATIONAL AIRPORT, TX US","2020-06-11","4.70",,"0.00","0.0","0.0","77","94","58","   50","   50","17.0","25.1",,,,,,,,
"USW00013904","AUSTIN BERGSTROM INTERNATIONAL AIRPORT, TX US","2020-06-12","4.47",,"0.00","0.0","0.0","76","92","59","   40","   40","16.1","25.1",,,,,,,,
"USW00013904","AUSTIN BERGSTROM INTERNATIONAL AIRPORT, TX US","2020-06-13","4.70",,"0.00","0.0","0.0","78","93","63","   70","   70","16.1","30.0",,,,,,,,
"USW00013904","AUSTIN BERGSTROM INTERNATIONAL AIRPORT, TX US","2020-06-14","3.80",,"0.00","0.0","0.0","78","92","60","  140","  100","13.0","19.0",,,,,,,,
"USW00013904","AUSTIN BERGSTROM INTERNATIONAL AIRPORT, TX US","2020-06-15","4.92",,"0.23","0.0","0.0","81","95","68","  150","  150","29.1","38.0","    1",,"    1",,,,"    1",
"USW00013904","AUSTIN BERGSTROM INTERNATIONAL AIRPORT, TX US","2020-06-16","6.71",,"0.00","0.0","0.0","81","93","71","  140","  140","16.1","23.9",,,,,,,,
"USW00013904","AUSTIN BERGSTROM INTERNATIONAL AIRPORT, TX US","2020-06-17","9.40",,"0.00","0.0","0.0","81","94","66","  150","  130","19.9","27.1",,,,,,,,
"USW00013904","AUSTIN BERGSTROM INTERNATIONAL AIRPORT, TX US","2020-06-18","9.84",,"0.00","0.0","0.0","81","94","67","  150","  140","21.0","27.1",,,,,,,,
"USW00013904","AUSTIN BERGSTROM INTERNATIONAL AIRPORT, TX US","2020-06-19","11.41",,"0.00","0.0","0.0","84","94","75","  150","  150","23.0","32.0",,,,,,,,
"USW00013904","AUSTIN BERGSTROM INTERNATIONAL AIRPORT, TX US","2020-06-20","8.28",,"0.53","0.0","0.0","81","94","70","  160","  170","17.0","23.9","    1",,"    1",,,,,
"USW00013904","AUSTIN BERGSTROM INTERNATIONAL AIRPORT, TX US","2020-06-21","10.96",,"0.00","0.0","0.0","84","95","75","  150","  150","21.9","29.1",,,,,,,,
"USW00013904","AUSTIN BERGSTROM INTERNATIONAL AIRPORT, TX US","2020-06-22","11.18",,"0.00","0.0","0.0","85","93","77","  150","  180","21.9","31.1",,,,,,,,
"USW00013904","AUSTIN BERGSTROM INTERNATIONAL AIRPORT, TX US","2020-06-23","8.72",,"1.10","0.0","0.0","81","93","71","  140","  350","25.9","33.1","    1",,"    1",,,,,
"USW00013904","AUSTIN BERGSTROM INTERNATIONAL AIRPORT, TX US","2020-06-24","5.14",,"0.01","0.0","0.0","79","84","74","   10","   10","17.0","21.0",,,,,,,,
"USW00013904","AUSTIN BERGSTROM INTERNATIONAL AIRPORT, TX US","2020-06-25","5.14",,"0.00","0.0","0.0","81","93","71","  150","  140","25.1","33.1",,,,,,,,
"USW00013904","AUSTIN BERGSTROM INTERNATIONAL AIRPORT, TX US","2020-06-26","8.28",,"0.66","0.0","0.0","78","85","71","  150","  180","25.1","35.1","    1",,,,,,"    1",
"USW00013904","AUSTIN BERGSTROM INTERNATIONAL AIRPORT, TX US","2020-06-27","11.86",,"0.00","0.0","0.0","82","92","76","  140","  150","23.9","36.9","    1",,,,,,"    1",
"USW00013904","AUSTIN BERGSTROM INTERNATIONAL AIRPORT, TX US","2020-06-28","11.86",,"0.19","0.0","0.0","82","88","76","  180","  170","25.1","35.1","    1",,"    1",,,,,
"USW00013904","AUSTIN BERGSTROM INTERNATIONAL AIRPORT, TX US","2020-06-29","13.42",,"0.00","0.0","0.0","83","91","79","  190","  170","23.9","34.0",,,,,,,,
"USW00013904","AUSTIN BERGSTROM INTERNATIONAL AIRPORT, TX US","2020-06-30","13.20",,"0.00","0.0","0.0","84","93","79","  190","  180","21.9","30.0",,,,,,,,
"USW00013904","AUSTIN BERGSTROM INTERNATIONAL AIRPORT, TX US","2020-07-01","11.41",,"0.00","0.0","0.0","85","93","80","  200","  200","21.0","25.9",,,,,,,,
"USW00013904","AUSTIN BERGSTROM INTERNATIONAL AIRPORT, TX US","2020-07-02","8.95",,"0.00","0.0","0.0","86","95","78","  150","  170","16.1","23.9","    1",,,,,,,
"USW00013904","AUSTIN BERGSTROM INTERNATIONAL AIRPORT, TX US","2020-07-03","6.71",,"0.00","0.0","0.0","84","96","75","  220","  220","14.1","21.0",,,,,,,,
"USW00013904","AUSTIN BERGSTROM INTERNATIONAL AIRPORT, TX US","2020-07-04","7.16",,"0.00","0.0","0.0","84","98","74","  200","  220","13.0","18.1",,,,,,,,
"USW00013904","AUSTIN BERGSTROM INTERNATIONAL AIRPORT, TX US","2020-07-05","8.28",,"0.00","0.0","0.0","85","97","72","  180","  180","16.1","23.0",,,,,,,,
"USW00013904","AUSTIN BERGSTROM INTERNATIONAL AIRPORT, TX US","2020-07-06","8.05",,"0.00","0.0","0.0","86","93","78","  180","  180","17.0","25.9",,,,,,,,
"USW00013904","AUSTIN BERGSTROM INTERNATIONAL AIRPORT, TX US","2020-07-07","8.95",,"0.00","0.0","0.0","86","96","79","  210","  200","18.1","25.9",,,,,,,,
"USW00013904","AUSTIN BERGSTROM INTERNATIONAL AIRPORT, TX US","2020-07-08","10.07",,"0.00","0.0","0.0","86","96","79","  180","  170","18.1","25.1",,,,,,,,
"USW00013904","AUSTIN BERGSTROM INTERNATIONAL AIRPORT, TX US","2020-07-09","12.53",,"0.00","0.0","0.0","87","98","78","  190","  150","19.9","30.0",,,,,,,,
"USW00013904","AUSTIN BERGSTROM INTERNATIONAL AIRPORT, TX US","2020-07-10","9.17",,"0.00","0.0","0.0","87","99","78","  180","  150","17.0","23.9",,,,,,,,
"USW00013904","AUSTIN BERGSTROM INTERNATIONAL AIRPORT, TX US","2020-07-11","8.28",,"0.00","0.0","0.0","87","101","75","  180","  170","16.1","21.9","    1",,,,,,"    1",
"USW00013904","AUSTIN BERGSTROM INTERNATIONAL AIRPORT, TX US","2020-07-12","8.28",,"0.00","0.0","0.0","87","102","77","  200","  200","17.0","21.9",,,,,,,,
"USW00013904","AUSTIN BERGSTROM INTERNATIONAL AIRPORT, TX US","2020-07-13","9.62",,"0.00","0.0","0.0","89","104","76","  150","  140","18.1","25.1",,,,,,,,
"USW00013904","AUSTIN BERGSTROM INTERNATIONAL AIRPORT, TX US","2020-07-14","11.63",,"0.00","0.0","0.0","89","103","77","  160","  140","19.9","29.1",,,,,,,,
"USW00013904","AUSTIN BERGSTROM INTERNATIONAL AIRPORT, TX US","2020-07-15","11.63",,"0.00","0.0","0.0","88","100","77","  160","  200","19.9","28.0",,,,,,,,
"USW00013904","AUSTIN BERGSTROM INTERNATIONAL AIRPORT, TX US","2020-07-16","6.93",,"0.00","0.0","0.0","87","99","75","  170","  170","14.1","21.0",,,,,,,,
"USW00013904","AUSTIN BERGSTROM INTERNATIONAL AIRPORT, TX US","2020-07-17","6.93",,"0.00","0.0","0.0","87","100","72","  180","  170","23.9","31.1","    1",,,,,,,
"USW00013904","AUSTIN BERGSTROM INTERNATIONAL AIRPORT, TX US","2020-07-18","5.59",,"0.00","0.0","0.0","84","96","73","  130","  140","16.1","21.9",,,,,,,,
"USW00013904","AUSTIN BERGSTROM INTERNATIONAL AIRPORT, TX US","2020-07-19","5.37",,"0.00","0.0","0.0","85","98","71","  140","  150","25.1","36.0",,,"    1",,,,,
"USW00013904","AUSTIN BERGSTROM INTERNATIONAL AIRPORT, TX US","2020-07-20","5.82",,"0.00","0.0","0.0","85","98","72","  110","  110","16.1","21.0",,,,,,,,
"USW00013904","AUSTIN BERGSTROM INTERNATIONAL AIRPORT, TX US","2020-07-21","6.49",,"0.00","0.0","0.0","85","94","77","  130","  130","15.0","21.0",,,,,,,,
"USW00013904","AUSTIN BERGSTROM INTERNATIONAL AIRPORT, TX US","2020-07-22","5.82",,"0.00","0.0","0.0","86","97","75","  120","  120","16.1","21.9",,,,,,,,
"USW00013904","AUSTIN BERGSTROM INTERNATIONAL AIRPORT, TX US","2020-07-23","4.47",,"0.00","0.0","0.0","87","100","74","   70","   70","18.1","23.0",,,,,,,,
"USW00013904","AUSTIN BERGSTROM INTERNATIONAL AIRPORT, TX US","2020-07-24","10.96",,"0.00","0.0","0.0","87","99","75","   70","   20","23.0","33.1",,,,,,,,
"USW00013904","AUSTIN BERGSTROM INTERNATIONAL AIRPORT, TX US","2020-07-25","10.51",,"0.23","0.0","0.0","84","93","75","  140","  140","38.9","59.1","    1",,,,,,,
"USW00013904","AUSTIN BERGSTROM INTERNATIONAL AIRPORT, TX US","2020-07-26","7.38",,"0.42","0.0","0.0","80","93","75","  120","  110","21.0","25.9","    1",,,,,,,
"USW00013904","AUSTIN BERGSTROM INTERNATIONAL AIRPORT, TX US","2020-07-27","4.25",,"0.00","0.0","0.0","82","96","74","  150","  150","18.1","23.0","    1",,,,,,,
"USW00013904","AUSTIN BERGSTROM INTERNATIONAL AIRPORT, TX US","2020-07-28","4.70",,"0.00","0.0","0.0","84","98","74","  140","  160","28.0","34.0",,,,,,,,
"USW00013904","AUSTIN BERGSTROM INTERNATIONAL AIRPORT, TX US","2020-07-29","9.62",,"0.00","0.0","0.0","81","97","73","  170","  170","30.0","46.1",,,,,,,,
"USW00013904","AUSTIN BERGSTROM INTERNATIONAL AIRPORT, TX US","2020-07-30","11.41",,"0.00","0.0","0.0","83","98","75","  140","  180","21.9","29.1",,,,,,,,
"USW00013904","AUSTIN BERGSTROM INTERNATIONAL AIRPORT, TX US","2020-07-31","7.61",,"0.53","0.0","0.0","85","99","74","  360","  360","33.1","42.1","    1",,"    1",,,,,
"USW00013904","AUSTIN BERGSTROM INTERNATIONAL AIRPORT, TX US","2020-08-01","4.47",,"0.00","0.0","0.0","82","97","74","   40","   40","15.0","23.0",,,,,,,,
"USW00013904","AUSTIN BERGSTROM INTERNATIONAL AIRPORT, TX US","2020-08-02","2.91",,"0.03","0.0","0.0","83","99","71","  300","  290","25.9","44.1","    1",,"    1",,,,,
"USW00013904","AUSTIN BERGSTROM INTERNATIONAL AIRPORT, TX US","2020-08-03","2.91",,"0.00","0.0","0.0","83","101","70","  340","  360","29.1","40.0",,,,,,,,
"USW00013904","AUSTIN BERGSTROM INTERNATIONAL AIRPORT, TX US","2020-08-04","5.14",,"0.00","0.0","0.0","84","99","73","  200","  200","15.0","21.0",,,,,,,,
"USW00013904","AUSTIN BERGSTROM INTERNATIONAL AIRPORT, TX US","2020-08-05","9.62",,"0.00","0.0","0.0","86","100","74","  150","  160","19.9","29.1",,,,,,,,
"USW00013904","AUSTIN BERGSTROM INTERNATIONAL AIRPORT, TX US","2020-08-06","10.51",,"0.00","0.0","0.0","87","100","73","  140","  140","21.0","27.1",,,,,,,,
"USW00013904","AUSTIN BERGSTROM INTERNATIONAL AIRPORT, TX US","2020-08-07","8.50",,"0.00","0.0","0.0","86","99","70","  140","  140","21.0","25.1",,,,,,,,
"USW00013904","AUSTIN BERGSTROM INTERNATIONAL AIRPORT, TX US","2020-08-08","7.83",,"0.00","0.0","0.0","86","100","71","  140","  140","19.9","29.1",,,,,,,,
"USW00013904","AUSTIN BERGSTROM INTERNATIONAL AIRPORT, TX US","2020-08-09","10.29",,"0.00","0.0","0.0","87","101","77","  180","  150","19.9","27.1",,,,,,,,
"USW00013904","AUSTIN BERGSTROM INTERNATIONAL AIRPORT, TX US","2020-08-10","12.08",,"0.00","0.0","0.0","88","101","78","  150","  180","19.9","31.1",,,,,,,,
"USW00013904","AUSTIN BERGSTROM INTERNATIONAL AIRPORT, TX US","2020-08-11","9.84",,"0.00","0.0","0.0","88","102","76","  150","  160","21.0","28.0",,,,,,,,
"USW00013904","AUSTIN BERGSTROM INTERNATIONAL AIRPORT, TX US","2020-08-12","10.51",,"0.00","0.0","0.0","89","102","78","  170","  180","19.9","25.9",,,,,,,,
"USW00013904","AUSTIN BERGSTROM INTERNATIONAL AIRPORT, TX US","2020-08-13","8.50",,"0.00","0.0","0.0","89","102","77","  170","  200","16.1","23.0",,,,,,,,
"USW00013904","AUSTIN BERGSTROM INTERNATIONAL AIRPORT, TX US","2020-08-14","10.96",,"0.00","0.0","0.0","90","105","78","  170","  170","19.9","28.0",,,,,,,,
"USW00013904","AUSTIN BERGSTROM INTERNATIONAL AIRPORT, TX US","2020-08-15","8.28",,"0.00","0.0","0.0","90","105","78","  150","  150","17.0","21.9",,,,,,,,
"USW00013904","AUSTIN BERGSTROM INTERNATIONAL AIRPORT, TX US","2020-08-16","6.04",,"0.00","0.0","0.0","91","104","75","   70","  110","15.0","19.0",,,,,,,,
"USW00013904","AUSTIN BERGSTROM INTERNATIONAL AIRPORT, TX US","2020-08-17","6.71",,"0.00","0.0","0.0","88","98","74","   30","   40","31.1","38.0",,,,,,,,
"USW00013904","AUSTIN BERGSTROM INTERNATIONAL AIRPORT, TX US","2020-08-18","4.92",,"0.00","0.0","0.0","88","103","72","  150","  140","18.1","25.9",,,,,,,,
"USW00013904","AUSTIN BERGSTROM INTERNATIONAL AIRPORT, TX US","2020-08-19","6.93",,"0.00","0.0","0.0","86","102","69","   20","  340","19.9","25.9",,,,,,,,
"USW00013904","AUSTIN BERGSTROM INTERNATIONAL AIRPORT, TX US","2020-08-20","3.58",,"0.00","0.0","0.0","83","99","63","   40","  150","13.0","19.9",,,,,,,,
"USW00013904","AUSTIN BERGSTROM INTERNATIONAL AIRPORT, TX US","2020-08-21","5.14",,"0.00","0.0","0.0","84","102","69","  130","  150","18.1","23.9",,,,,,,,
"USW00013904","AUSTIN BERGSTROM INTERNATIONAL AIRPORT, TX US","2020-08-22","4.03",,"0.74","0.0","0.0","81","92","69","  350","  350","21.9","33.1","    1",,"    1",,,,,
"USW00013904","AUSTIN BERGSTROM INTERNATIONAL AIRPORT, TX US","2020-08-23","4.47",,"0.00","0.0","0.0","81","96","68","  110","   70","15.0","19.9","    1",,,,,,,
"USW00013904","AUSTIN BERGSTROM INTERNATIONAL AIRPORT, TX US","2020-08-24","4.92",,"0.00","0.0","0.0","85","97","73","   70","   70","14.1","23.0",,,,,,,,
"USW00013904","AUSTIN BERGSTROM INTERNATIONAL AIRPORT, TX US","2020-08-25","4.70",,"0.00","0.0","0.0","85","100","71","   40","   80","16.1","21.0",,,,,,,,
"USW00013904","AUSTIN BERGSTROM INTERNATIONAL AIRPORT, TX US","2020-08-26","7.61",,"0.00","0.0","0.0","85","95","75","   80","   80","18.1","28.0",,,,,,,,
"USW00013904","AUSTIN BERGSTROM INTERNATIONAL AIRPORT, TX US","2020-08-27","5.82",,"0.00","0.0","0.0","86","100","75","  150","  150","15.0","19.9",,,,,,,,
"USW00013904","AUSTIN BERGSTROM INTERNATIONAL AIRPORT, TX US","2020-08-28","10.51",,"0.00","0.0","0.0","89","105","79","  160","  160","23.0","33.1","    1",,,,,,,
"USW00013904","AUSTIN BERGSTROM INTERNATIONAL AIRPORT, TX US","2020-08-29","8.95",,"0.00","0.0","0.0","90","104","78","  170","  180","18.1","27.1",,,,,,,,
"USW00013904","AUSTIN BERGSTROM INTERNATIONAL AIRPORT, TX US","2020-08-30","9.17",,"0.00","0.0","0.0","89","101","75","  170","  170","19.9","28.0",,,,,,,,
"USW00013904","AUSTIN BERGSTROM INTERNATIONAL AIRPORT, TX US","2020-08-31","12.30",,"0.00","0.0","0.0","90","102","81","  160","  150","21.9","30.0","    1",,,,,,"    1",
"USW00013904","AUSTIN BERGSTROM INTERNATIONAL AIRPORT, TX US","2020-09-01","14.09",,"0.00","0.0","0.0","89","101","82","  150","  170","23.0","32.0",,,,,,,,
"USW00013904","AUSTIN BERGSTROM INTERNATIONAL AIRPORT, TX US","2020-09-02","8.28",,"0.33","0.0","0.0","84","87","73","   40","   40","25.1","36.0","    1",,,,,,,
"USW00013904","AUSTIN BERGSTROM INTERNATIONAL AIRPORT, TX US","2020-09-03","6.71",,"0.08","0.0","0.0","81","94","76","   10","   10","23.9","31.1","    1",,,,,,,
"USW00013904","AUSTIN BERGSTROM INTERNATIONAL AIRPORT, TX US","2020-09-04","5.82",,"3.55","0.0","0.0","76","83","72","   90","  250","21.0","30.0","    1",,"    1",,,,,
"USW00013904","AUSTIN BERGSTROM INTERNATIONAL AIRPORT, TX US","2020-09-05","6.93",,"0.00","0.0","0.0","80","91","73","   30","   20","23.0","29.1",,,,,,,,
"USW00013904","AUSTIN BERGSTROM INTERNATIONAL AIRPORT, TX US","2020-09-06","2.91",,"0.00","0.0","0.0","81","95","72","   70","   70","10.1","16.1",,,,,,,,
"USW00013904","AUSTIN BERGSTROM INTERNATIONAL AIRPORT, TX US","2020-09-07","6.49",,"0.00","0.0","0.0","83","94","71","  160","  180","17.0","25.1",,,,,,,,
"USW00013904","AUSTIN BERGSTROM INTERNATIONAL AIRPORT, TX US","2020-09-08","8.28",,"0.01","0.0","0.0","81","88","76","  140","  140","23.9","32.0",,,,,,,,
"USW00013904","AUSTIN BERGSTROM INTERNATIONAL AIRPORT, TX US","2020-09-09","7.83",,"1.25","0.0","0.0","78","85","61","  250","  170","19.9","30.0","    1",,"    1",,,,,
"USW00013904","AUSTIN BERGSTROM INTERNATIONAL AIRPORT, TX US","2020-09-10","11.41",,"0.02","0.0","0.0","64","69","59","  350","  340","18.1","25.1",,,,,,,,
"USW00013904","AUSTIN BERGSTROM INTERNATIONAL AIRPORT, TX US","2020-09-11","8.28",,"0.00","0.0","0.0","70","85","64","  350","   30","15.0","19.9",,,,,,,,
"USW00013904","AUSTIN BERGSTROM INTERNATIONAL AIRPORT, TX US","2020-09-12","4.03",,"0.00","0.0","0.0","78","92","67","   20","   20","13.0","18.1",,,,,,,,
"USW00013904","AUSTIN BERGSTROM INTERNATIONAL AIRPORT, TX US","2020-09-13","10.74",,"0.00","0.0","0.0","82","94","71","   20","   10","19.9","23.9",,,,,,,,
"USW00013904","AUSTIN BERGSTROM INTERNATIONAL AIRPORT, TX US","2020-09-14","13.65",,"0.00","0.0","0.0","82","91","74","   10","   20","23.0","31.1",,,,,,,,
"USW00013904","AUSTIN BERGSTROM INTERNATIONAL AIRPORT, TX US","2020-09-15","8.50",,"0.00","0.0","0.0","82","91","74","   30","   30","16.1","19.9",,,,,,,,
"USW00013904","AUSTIN BERGSTROM INTERNATIONAL AIRPORT, TX US","2020-09-16","5.82",,"0.09","0.0","0.0","82","93","73","   20","   50","15.0","19.9",,,,,,,,
"USW00013904","AUSTIN BERGSTROM INTERNATIONAL AIRPORT, TX US","2020-09-17","8.28",,"0.53","0.0","0.0","80","86","71","   10","   20","31.1","38.0","    1",,"    1",,,,,
"USW00013904","AUSTIN BERGSTROM INTERNATIONAL AIRPORT, TX US","2020-09-18","11.41",,"0.00","0.0","0.0","78","88","70","   20","   40","21.9","30.0",,,,,,,,
"USW00013904","AUSTIN BERGSTROM INTERNATIONAL AIRPORT, TX US","2020-09-19","11.86",,"0.00","0.0","0.0","76","85","65","   20","   20","21.0","27.1",,,,,,,,
"USW00013904","AUSTIN BERGSTROM INTERNATIONAL AIRPORT, TX US","2020-09-20","12.53",,"0.17","0.0","0.0","73","86","61","  360","  360","23.0","29.1","    1",,,,,,,
"USW00013904","AUSTIN BERGSTROM INTERNATIONAL AIRPORT, TX US","2020-09-21","14.99",,"0.56","0.0","0.0","71","73","68","   20","   20","21.9","29.1","    1",,,,,,,
"USW00013904","AUSTIN BERGSTROM INTERNATIONAL AIRPORT, TX US","2020-09-22","14.54",,"0.03","0.0","0.0","71","75","69","  360","   10","21.9","27.1","    1",,,,,,,
"USW00013904","AUSTIN BERGSTROM INTERNATIONAL AIRPORT, TX US","2020-09-23","9.62",,"0.00","0.0","0.0","73","77","69","  350","  350","17.0","21.9",,,,,,,,
"USW00013904","AUSTIN BERGSTROM INTERNATIONAL AIRPORT, TX US","2020-09-24","5.14",,"0.00","0.0","0.0","74","80","59","  350","   70","14.1","21.0",,,,,,,,
"USW00013904","AUSTIN BERGSTROM INTERNATIONAL AIRPORT, TX US","2020-09-25","2.46",,"0.00","0.0","0.0","69","88","57","  200","  210","10.1","13.0","    1",,,,,,,
"USW00013904","AUSTIN BERGSTROM INTERNATIONAL AIRPORT, TX US","2020-09-26","7.16",,"0.00","0.0","0.0","74","89","61","  180","  180","16.1","25.1","    1","    1",,,,,,
"USW00013904","AUSTIN BERGSTROM INTERNATIONAL AIRPORT, TX US","2020-09-27","12.97",,"0.00","0.0","0.0","81","92","76","  190","  190","19.9","30.0",,,,,,,,
"USW00013904","AUSTIN BERGSTROM INTERNATIONAL AIRPORT, TX US","2020-09-28","17.22",,"0.00","0.0","0.0","76","81","58","   30","   10","32.0","44.1",,,,,,,,
"USW00013904","AUSTIN BERGSTROM INTERNATIONAL AIRPORT, TX US","2020-09-29","3.13",,"0.00","0.0","0.0","67","83","49","  360","  330","16.1","25.1",,,,,,,,
"USW00013904","AUSTIN BERGSTROM INTERNATIONAL AIRPORT, TX US","2020-09-30","3.80",,"0.00","0.0","0.0","65","88","46","  200","  240","13.0","19.0",,,,,,,,
"USW00013904","AUSTIN BERGSTROM INTERNATIONAL AIRPORT, TX US","2020-10-01","3.58",,"0.00","0.0","0.0","67","91","49","   30","   40","12.1","16.1",,,,,,,,
"USW00013904","AUSTIN BERGSTROM INTERNATIONAL AIRPORT, TX US","2020-10-02","4.47",,"0.00","0.0","0.0","71","84","53","   50","   50","12.1","19.0",,,,,,,,
"USW00013904","AUSTIN BERGSTROM INTERNATIONAL AIRPORT, TX US","2020-10-03","4.47",,"0.00","0.0","0.0","67","86","50","  170","  170","16.1","21.9",,,,,,,,
"USW00013904","AUSTIN BERGSTROM INTERNATIONAL AIRPORT, TX US","2020-10-04","4.92",,"0.00","0.0","0.0","70","89","53","   30","   30","17.0","21.9",,,,,,,,
"USW00013904","AUSTIN BERGSTROM INTERNATIONAL AIRPORT, TX US","2020-10-05","4.03",,"0.00","0.0","0.0","73","87","60","   40","  100","10.1","17.0",,,,,,,,
"USW00013904","AUSTIN BERGSTROM INTERNATIONAL AIRPORT, TX US","2020-10-06","0.89",,"0.00","0.0","0.0","72","89","59","  180","  170","10.1","17.0","    1",,,,,,"    1",
"USW00013904","AUSTIN BERGSTROM INTERNATIONAL AIRPORT, TX US","2020-10-07","2.01",,"0.00","0.0","0.0","73","91","58","   50","   60","13.0","19.9","    1",,,,,,,
"USW00013904","AUSTIN BERGSTROM INTERNATIONAL AIRPORT, TX US","2020-10-08","4.92",,"0.00","0.0","0.0","71","87","55","   70","   50","12.1","21.9",,,,,,,,
"USW00013904","AUSTIN BERGSTROM INTERNATIONAL AIRPORT, TX US","2020-10-09","8.05",,"0.15","0.0","0.0","79","88","70","   10","   20","17.0","21.9","    1",,,,,,,
"USW00013904","AUSTIN BERGSTROM INTERNATIONAL AIRPORT, TX US","2020-10-10","2.01",,"0.00","0.0","0.0","77","95","62","  220","  210","13.0","18.1","    1",,,,,,,
"USW00013904","AUSTIN BERGSTROM INTERNATIONAL AIRPORT, TX US","2020-10-11","6.71",,"0.00","0.0","0.0","77","96","61","  180","  160","18.1","25.9","    1",,,,,,,
"USW00013904","AUSTIN BERGSTROM INTERNATIONAL AIRPORT, TX US","2020-10-12","9.17",,"0.00","0.0","0.0","79","87","58","   10","   10","21.0","27.1",,,,,,,,
"USW00013904","AUSTIN BERGSTROM INTERNATIONAL AIRPORT, TX US","2020-10-13","2.24",,"0.00","0.0","0.0","70","89","54","   10","  360","8.9","13.0",,,,,,,,
"USW00013904","AUSTIN BERGSTROM INTERNATIONAL AIRPORT, TX US","2020-10-14","6.71",,"0.00","0.0","0.0","71","92","57","  190","  200","17.0","25.9",,,,,,,,
"USW00013904","AUSTIN BERGSTROM INTERNATIONAL AIRPORT, TX US","2020-10-15","12.30",,"0.00","0.0","0.0","78","88","67","   10","   20","29.1","36.9",,,,,,,,
"USW00013904","AUSTIN BERGSTROM INTERNATIONAL AIRPORT, TX US","2020-10-16","13.65",,"0.00","0.0","0.0","70","77","50","   30","   40","30.0","42.1",,,,,,,,
"USW00013904","AUSTIN BERGSTROM INTERNATIONAL AIRPORT, TX US","2020-10-17","8.05",,"0.01","0.0","0.0","65","82","57","  180","  170","21.9","33.1","    1",,,,,,,
"USW00013904","AUSTIN BERGSTROM INTERNATIONAL AIRPORT, TX US","2020-10-18","12.75",,"0.00","0.0","0.0","79","91","72","  200","  180","23.9","36.0",,,,,,,,
"USW00013904","AUSTIN BERGSTROM INTERNATIONAL AIRPORT, TX US","2020-10-19","9.62",,"0.00","0.0","0.0","80","93","73","  170","  170","17.0","23.9","    1",,,,,,,
"USW00013904","AUSTIN BERGSTROM INTERNATIONAL AIRPORT, TX US","2020-10-20","9.84",,"0.00","0.0","0.0","82","91","72","  140","  180","16.1","23.9",,,,,,,,
"USW00013904","AUSTIN BERGSTROM INTERNATIONAL AIRPORT, TX US","2020-10-21","5.37",,"0.00","0.0","0.0","79","90","69","  190","  180","14.1","19.0","    1",,,,,,,
"USW00013904","AUSTIN BERGSTROM INTERNATIONAL AIRPORT, TX US","2020-10-22","7.61",,"0.00","0.0","0.0","78","90","66","  140","  150","18.1","25.1",,,,,,,,
"USW00013904","AUSTIN BERGSTROM INTERNATIONAL AIRPORT, TX US","2020-10-23","11.18",,"0.00","0.0","0.0","77","85","55","  360","  360","28.0","34.0",,,,,,,,
"USW00013904","AUSTIN BERGSTROM INTERNATIONAL AIRPORT, TX US","2020-10-24","8.05",,"0.00","0.0","0.0","58","66","53","  360","   10","19.9","25.1",,,,,,,,
"USW00013904","AUSTIN BERGSTROM INTERNATIONAL AIRPORT, TX US","2020-10-25","8.05",,"0.00","0.0","0.0","64","85","49","  150","  180","21.0","25.9",,,,,,,,
"USW00013904","AUSTIN BERGSTROM INTERNATIONAL AIRPORT, TX US","2020-10-26","12.08",,"0.02","0.0","0.0","71","80","44","  360","  340","23.0","31.1","    1",,,,,,,
"USW00013904","AUSTIN BERGSTROM INTERNATIONAL AIRPORT, TX US","2020-10-27","13.87",,"0.04","0.0","0.0","44","46","41","  360","  350","21.0","25.1","    1",,,,,,,
"USW00013904","AUSTIN BERGSTROM INTERNATIONAL AIRPORT, TX US","2020-10-28","10.51",,"0.12","0.0","0.0","47","62","41","  320","  320","19.9","30.0","    1",,,,,,,
"USW00013904","AUSTIN BERGSTROM INTERNATIONAL AIRPORT, TX US","2020-10-29","11.18",,"0.00","0.0","0.0","52","64","40","  330","  320","28.0","44.1",,,,,,,,
"USW00013904","AUSTIN BERGSTROM INTERNATIONAL AIRPORT, TX US","2020-10-30","4.92",,"0.00","0.0","0.0","55","72","42","  350","  350","12.1","15.0",,,,,,,,
"USW00013904","AUSTIN BERGSTROM INTERNATIONAL AIRPORT, TX US","2020-10-31","2.91",,"0.00","0.0","0.0","54","78","35","  190","  190","13.0","19.9","    1",,,,,,,
"USW00013904","AUSTIN BERGSTROM INTERNATIONAL AIRPORT, TX US","2020-11-01","8.28",,"0.00","0.0","0.0","59","79","43","   20","   30","21.9","29.1",,,,,,,,
"USW00013904","AUSTIN BERGSTROM INTERNATIONAL AIRPORT, TX US","2020-11-02","2.01",,"0.00","0.0","0.0","57","77","39","   30","   20","8.1","14.1",,,,,,,,
"USW00013904","AUSTIN BERGSTROM INTERNATIONAL AIRPORT, TX US","2020-11-03","4.47",,"0.00","0.0","0.0","55","80","35","  190","  180","14.1","21.0",,,,,,,,
"USW00013904","AUSTIN BERGSTROM INTERNATIONAL AIRPORT, TX US","2020-11-04","5.37",,"0.00","0.0","0.0","58","81","40","  190","  180","17.0","25.9",,,,,,,,
"USW00013904","AUSTIN BERGSTROM INTERNATIONAL AIRPORT, TX US","2020-11-05","3.80",,"0.00","0.0","0.0","64","82","47","  190","  180","15.0","21.0","    1","    1",,,,,,
"USW00013904","AUSTIN BERGSTROM INTERNATIONAL AIRPORT, TX US","2020-11-06","3.13",,"0.00","0.0","0.0","68","81","54","  140","  170","12.1","15.0",,,,,,,,
"USW00013904","AUSTIN BERGSTROM INTERNATIONAL AIRPORT, TX US","2020-11-07","2.91",,"0.00","0.0","0.0","62","82","47","  130","  130","13.0","17.0","    1",,,,,,,
"USW00013904","AUSTIN BERGSTROM INTERNATIONAL AIRPORT, TX US","2020-11-08","5.82",,"0.00","0.0","0.0","68","83","50","  140","  160","17.0","21.0","    1",,,,,,,
"USW00013904","AUSTIN BERGSTROM INTERNATIONAL AIRPORT, TX US","2020-11-09","8.50",,"0.00","0.0","0.0","73","86","59","  180","  150","18.1","28.0",,,,,,,,
"USW00013904","AUSTIN BERGSTROM INTERNATIONAL AIRPORT, TX US","2020-11-10","7.38",,"0.00","0.0","0.0","73","82","58","  340","  340","18.1","25.1","    1",,,,,,,
"USW00013904","AUSTIN BERGSTROM INTERNATIONAL AIRPORT, TX US","2020-11-11","5.82",,"0.00","0.0","0.0","67","84","53","   30","   20","13.0","19.0",,,,,,,,
"USW00013904","AUSTIN BERGSTROM INTERNATIONAL AIRPORT, TX US","2020-11-12","3.13",,"0.00","0.0","0.0","69","85","57","  200","  190","15.0","21.9","    1",,,,,,,
"USW00013904","AUSTIN BERGSTROM INTERNATIONAL AIRPORT, TX US","2020-11-13","4.25",,"0.00","0.0","0.0","71","86","58","   50","   50","15.0","19.0","    1","    1",,,,,,
"USW00013904","AUSTIN BERGSTROM INTERNATIONAL AIRPORT, TX US","2020-11-14","9.62",,"0.00","0.0","0.0","77","89","64","  200","  190","23.0","33.1",,,,,,,,
"USW00013904","AUSTIN BERGSTROM INTERNATIONAL AIRPORT, TX US","2020-11-15","12.53",,"0.00","0.0","0.0","69","74","39","  360","  360","32.0","40.9",,,,,,,,
"USW00013904","AUSTIN BERGSTROM INTERNATIONAL AIRPORT, TX US","2020-11-16","1.34",,"0.00","0.0","0.0","52","76","32","  120","  110","10.1","17.0",,,,,,,,
"USW00013904","AUSTIN BERGSTROM INTERNATIONAL AIRPORT, TX US","2020-11-17","2.46",,"0.00","0.0","0.0","53","77","34","   60","   50","12.1","17.0",,,,,,,,
"USW00013904","AUSTIN BERGSTROM INTERNATIONAL AIRPORT, TX US","2020-11-18","5.59",,"0.00","0.0","0.0","55","80","36","  150","  170","16.1","23.0",,,,,,,,
"USW00013904","AUSTIN BERGSTROM INTERNATIONAL AIRPORT, TX US","2020-11-19","6.49",,"0.00","0.0","0.0","66","83","48","  180","  190","21.0","27.1","    1","    1",,,,,,
"USW00013904","AUSTIN BERGSTROM INTERNATIONAL AIRPORT, TX US","2020-11-20","5.59",,"0.00","0.0","0.0","69","84","53","  180","  160","15.0","21.0","    1",,,,,,,
"USW00013904","AUSTIN BERGSTROM INTERNATIONAL AIRPORT, TX US","2020-11-21","3.58",,"0.01","0.0","0.0","68","81","56","  110","  130","12.1","15.0","    1","    1",,,,,,
"USW00013904","AUSTIN BERGSTROM INTERNATIONAL AIRPORT, TX US","2020-11-22","7.83",,"0.00","0.0","0.0","70","83","58","   30","   30","23.9","32.0","    1",,,,,,,
"USW00013904","AUSTIN BERGSTROM INTERNATIONAL AIRPORT, TX US","2020-11-23","8.05",,"0.00","0.0","0.0","60","68","52","   20","   20","21.0","25.1","    1",,,,,,,
"USW00013904","AUSTIN BERGSTROM INTERNATIONAL AIRPORT, TX US","2020-11-24","12.75",,"0.01","0.0","0.0","67","85","61","  180","  170","25.1","36.9","    1",,,,,,,
"USW00013904","AUSTIN BERGSTROM INTERNATIONAL AIRPORT, TX US","2020-11-25","6.71",,"0.00","0.0","0.0","69","73","44","  350","  350","21.9","27.1",,,,,,,,
"USW00013904","AUSTIN BERGSTROM INTERNATIONAL AIRPORT, TX US","2020-11-26","3.13",,"0.00","0.0","0.0","56","77","39","  170","  180","13.0","18.1",,,,,,,,
"USW00013904","AUSTIN BERGSTROM INTERNATIONAL AIRPORT, TX US","2020-11-27","8.72",,"0.03","0.0","0.0","67","71","60","  360","  360","21.0","25.9","    1",,"    1",,,,,
"USW00013904","AUSTIN BERGSTROM INTERNATIONAL AIRPORT, TX US","2020-11-28","9.62",,"0.78","0.0","0.0","60","61","52","   10","   20","18.1","23.9","    1",,,,,,,
"USW00013904","AUSTIN BERGSTROM INTERNATIONAL AIRPORT, TX US","2020-11-29","12.08",,"0.00","0.0","0.0","53","60","48","  350","  360","23.0","31.1",,,,,,,,
"USW00013904","AUSTIN BERGSTROM INTERNATIONAL AIRPORT, TX US","2020-11-30","10.51",,"0.00","0.0","0.0","49","58","30","  350","  340","25.9","38.9",,,,,,,,
"USW00013904","AUSTIN BERGSTROM INTERNATIONAL AIRPORT, TX US","2020-12-01","6.71",,"0.00","0.0","0.0","40","65","22","  170","  160","21.9","32.0",,,,,,,,
"USW00013904","AUSTIN BERGSTROM INTERNATIONAL AIRPORT, TX US","2020-12-02","7.38",,"0.00","0.0","0.0","51","67","38","  350","  360","25.1","32.0",,,,,,,,
"USW00013904","AUSTIN BERGSTROM INTERNATIONAL AIRPORT, TX US","2020-12-03","11.18",,"0.00","0.0","0.0","49","59","37","  330","  340","19.9","28.0",,,,,,,,
"USW00013904","AUSTIN BERGSTROM INTERNATIONAL AIRPORT, TX US","2020-12-04","4.92",,"0.00","0.0","0.0","46","60","32","  350","   10","13.0","19.0",,,,,,,,
"USW00013904","AUSTIN BERGSTROM INTERNATIONAL AIRPORT, TX US","2020-12-05","2.68",,"0.01","0.0","0.0","43","54","31","  260","  270","8.1","11.0",,,,,,,,
"USW00013904","AUSTIN BERGSTROM INTERNATIONAL AIRPORT, TX US","2020-12-06","6.26",,"0.00","0.0","0.0","49","68","32","  310","  310","17.0","25.9","    1",,,,,,,
"USW00013904","AUSTIN BERGSTROM INTERNATIONAL AIRPORT, TX US","2020-12-07","5.14",,"0.00","0.0","0.0","52","71","35","   10","  360","16.1","25.1",,,,,,,,
"USW00013904","AUSTIN BERGSTROM INTERNATIONAL AIRPORT, TX US","2020-12-08","3.36",,"0.00","0.0","0.0","54","79","36","  320","  330","13.0","17.0",,,,,,,,
"USW00013904","AUSTIN BERGSTROM INTERNATIONAL AIRPORT, TX US","2020-12-09","5.14",,"0.00","0.0","0.0","59","83","42","  190","  200","12.1","21.9",,,,,,,,
"USW00013904","AUSTIN BERGSTROM INTERNATIONAL AIRPORT, TX US","2020-12-10","7.61",,"0.00","0.0","0.0","62","80","43","  190","  180","23.0","31.1",,,,,,,,
"USW00013904","AUSTIN BERGSTROM INTERNATIONAL AIRPORT, TX US","2020-12-11","3.58",,"0.05","0.0","0.0","68","77","48","  260","  200","8.9","14.1","    1",,,,,,,
"USW00013904","AUSTIN BERGSTROM INTERNATIONAL AIRPORT, TX US","2020-12-12","8.05",,"0.00","0.0","0.0","54","63","45","   20","   20","17.0","23.0","    1",,,,,,,
"USW00013904","AUSTIN BERGSTROM INTERNATIONAL AIRPORT, TX US","2020-12-13","11.41",,"0.00","0.0","0.0","56","70","43","  350","  360","38.0","52.1","    1",,,,,,"    1",
"USW00013904","AUSTIN BERGSTROM INTERNATIONAL AIRPORT, TX US","2020-12-14","8.50",,"0.00","0.0","0.0","43","51","33","  350","  350","31.1","44.1",,,,,,,,
"USW00013904","AUSTIN BERGSTROM INTERNATIONAL AIRPORT, TX US","2020-12-15","5.14",,"0.00","0.0","0.0","44","62","31","  310","  320","18.1","29.1","    1",,,,,,,
"USW00013904","AUSTIN BERGSTROM INTERNATIONAL AIRPORT, TX US","2020-12-16","6.93",,"0.00","0.0","0.0","47","57","28","  330","  340","21.0","31.1",,,,,,,,
"USW00013904","AUSTIN BERGSTROM INTERNATIONAL AIRPORT, TX US","2020-12-17","3.58",,"0.00","0.0","0.0","41","65","23","  150","  150","13.0","17.0",,,,,,,,
"USW00013904","AUSTIN BERGSTROM INTERNATIONAL AIRPORT, TX US","2020-12-18","5.37",,"0.00","0.0","0.0","45","65","25","  170","  150","18.1","25.9",,,,,,,,
"USW00013904","AUSTIN BERGSTROM INTERNATIONAL AIRPORT, TX US","2020-12-19","4.47",,"1.62","0.0","0.0","62","69","38","  320","  330","14.1","21.9","    1",,"    1",,,,,
"USW00013904","AUSTIN BERGSTROM INTERNATIONAL AIRPORT, TX US","2020-12-20","2.68",,"0.00","0.0","0.0","50","70","35","  340","  340","10.1","15.0",,,,,,,,
"USW00013904","AUSTIN BERGSTROM INTERNATIONAL AIRPORT, TX US","2020-12-21","2.91",,"0.00","0.0","0.0","49","76","33","  180","  190","13.0","18.1",,,,,,,,
"USW00013904","AUSTIN BERGSTROM INTERNATIONAL AIRPORT, TX US","2020-12-22","7.61",,"0.00","0.0","0.0","52","75","36","  150","  140","21.0","28.0","    1",,,,,,,
"USW00013904","AUSTIN BERGSTROM INTERNATIONAL AIRPORT, TX US","2020-12-23","13.65",,"0.00","0.0","0.0","68","80","48","  360","  350","32.0","42.9","    1",,,,,,,
"USW00013904","AUSTIN BERGSTROM INTERNATIONAL AIRPORT, TX US","2020-12-24","12.08",,"0.00","0.0","0.0","49","57","36","  350","  340","32.0","46.1",,,,,,,,
"USW00013904","AUSTIN BERGSTROM INTERNATIONAL AIRPORT, TX US","2020-12-25","2.24",,"0.00","0.0","0.0","49","69","30","  130","  130","12.1","13.0",,,,,,,,
"USW00013904","AUSTIN BERGSTROM INTERNATIONAL AIRPORT, TX US","2020-12-26","7.61",,"0.00","0.0","0.0","48","71","28","  180","  180","21.9","30.0",,,,,,,,
"USW00013904","AUSTIN BERGSTROM INTERNATIONAL AIRPORT, TX US","2020-12-27","7.38",,"0.00","0.0","0.0","57","78","36","  200","  200","28.0","38.0","    1",,,,,,,
"USW00013904","AUSTIN BERGSTROM INTERNATIONAL AIRPORT, TX US","2020-12-28","6.93",,"0.00","0.0","0.0","60","78","45","  130","  120","18.1","23.9","    1","    1",,,,,,
"USW00013904","AUSTIN BERGSTROM INTERNATIONAL AIRPORT, TX US","2020-12-29","17.00",,"0.02","0.0","0.0","68","78","63","  150","  150","25.9","38.9","    1",,,,,,,